text,label
"The international electronic industry company Elcoteq has laid off tens of employees from its Tallinn facility ; contrary to earlier layoffs the company contracted the ranks of its office workers , the daily Postimees reported .",negative
A tinyurl link takes users to a scamming site promising that users can earn thousands of dollars by becoming a Google ( NASDAQ : GOOG ) Cash advertiser .,negative
"Compared with the FTSE 100 index , which rose 36.7 points ( or 0.6 % ) on the day , this was a relative price change of -0.2 % .",negative
"Compared with the FTSE 100 index , which rose 94.9 points ( or 1.6 % ) on the day , this was a relative price change of -0.4 % .",negative
One of the challenges in the oil production in the North Sea is scale formation that can plug pipelines and halt production .,negative
"Jan. 6 -- Ford is struggling in the face of slowing truck and SUV sales and a surfeit of up-to-date , gotta-have cars .",negative
Peer Peugeot fell 0.81 pct as its sales rose only 6.3 pct from the same period last year .,negative
Pharmaceuticals group Orion Corp reported a fall in its third-quarter earnings that were hit by larger expenditures on R&D and marketing .,negative
"However , the growth margin slowed down due to the financial crisis .",negative
"2009 3 February 2010 - Finland-based steel maker Rautaruukki Oyj ( HEL : RTRKS ) , or Ruukki , said today it slipped to a larger-than-expected pretax loss of EUR46m in the fourth quarter of 2009 from a year-earlier profit of EUR45m .",negative
"( ADPnews ) - Feb 3 , 2010 - Finland-based steel maker Rautaruukki Oyj ( HEL : RTRKS ) , or Ruukki , said today it slipped to a larger-than-expected pretax loss of EUR 46 million ( USD 64.5 m ) in the fourth quarter of 2009 from a",negative
"Result before taxes decreased to nearly EUR 14.5 mn , compared to nearly EUR 20mn in the previous accounting period .",negative
The company slipped to an operating loss of EUR 2.6 million from a profit of EUR 1.3 million .,negative
23 April 2010 - Finnish construction and engineering company Outotec Oyj HEL : OTE1V said today it slipped to a net loss of EUR7 .3 m in the first quarter of 2010 from a net profit of EUR12 .5 m in the corresponding period last year .,negative
Cramo slipped to a pretax loss of EUR 6.7 million from a pretax profit of EUR 58.9 million .,negative
"Finnish IT solutions provider Affecto Oyj HEL : AFE1V said today its slipped to a net loss of EUR 115,000 USD 152,000 in the second quarter of 2010 from a profit of EUR 845,000 in the corresponding period a year earlier .",negative
"In 2009 , Comptel slipped to a net loss of EUR2 .1 m from a profit of EUR6 .6 m in the previous year .",negative
"In Q2 of 2009 , profit before taxes amounted to EUR 13.6 mn , down from EUR 26.8 mn in Q2 of 2008 .",negative
"ADPnews - Feb 5 , 2010 - Finnish real estate investor Sponda Oyj HEL : SDA1V said today that it slipped to a net loss of EUR 81.5 million USD 11.8 m in 2009 from a profit of EUR 29.3 million in 2008 .",negative
"ADPnews - Jul 17 , 2009 - Finland-based steel maker Rautaruukki Oyj Ruukki HEL : RTRKS said today it slipped to a net loss of EUR 184 million USD 259.7 m for the first half of 2009 from a net profit of EUR 2",negative
Net sales in 2007 totalled EUR 329 million and the operating margin was over 19 % .,neutral
Net sales in 2008 are expected to be on the same level as in 2007 .,neutral
Net sales of the Lehdentekijat unit was approximately EUR 14 million in 2007 and it had 70 employees .,neutral
Nokia Corp of Finland Tuesday said it has received a unified device managment contract with Finnish operator Elisa Oyj .,neutral
Nokia has enough users to do just as well .,neutral
"Of this , EUR 38.8 mn was net interest income .",neutral
"OMEO ( www.omeo.se ) employs 55 and expects net sales of some 23 mln euro ( $ 29.8 mln ) for fiscal 2006-2007 , ending April 30 , 2007 .",neutral
Operating profit for the quarter April-June 2006 amounted to EUR182 .2 m on sales of EUR3 .62 bn .,neutral
Operating profit totaled EUR 18.6 mn or 8.3 % of net sales .,neutral
"Previously , Vaahto Pulp has supplied headboxes with rectifier roll and dilution control technology for Stora Enso 's mill in Imatra , eastern Finland .",neutral
Profit of the accounting period was EUR 0.3 mn .,neutral
"Russia accounted for 9 % of the Lagardere magazine division 's revenue , or EUR 114.40 mn ( USD 148.11 mn ) in 2009 , the USA - for 18 % .",neutral
Scanfil expects net sales in 2008 to remain at the 2007 level .,neutral
"So , at the present time Nokian tires had the contract of tires production in China .",neutral
"Solvay S.A. has engaged Poyry to provide project management , engineering , procurement , and site services for a hydrogen peroxide production plant to be built by a Solvay-BASF joint venture at BASF 's Zandvliet site , Belgium .",neutral
Tekla Group 's net sales for 2005 were approximately 38 million euros .,neutral
"The agreement , which will cover monitoring , maintenance , server capacity service and backups , has a one-year extension option .",neutral
The amendment will not incur additional costs .,neutral
The company also said that its board of directors has proposed a profit distribution of EUR0 .92 per share .,neutral
The company closed last year with a turnover of about four million euros .,neutral
"SRV will raise its holding in the company so that by the summer of 2008 , it will have a majority .",positive
"Systeemitiimi 's sales and project resources will also be strengthened , director Paul Skogberg said .",positive
"Tallink claims the watertight doors of both Vana Tallinn and Regina Baltica , including their electrical systems , are fully in working order .",positive
Talvivaara has secured a 10-year off-take agreement for 100 per cent of its main output of nickel and cobalt to Norilsk Nickel and entered into a long-term zinc streaming agreement with Nyrstar NV .,positive
TeliaSonera has secured deliveries for 4G modems with support for 3G and 2G during the second quarter 2010 .,positive
"The 50-50 joint venture , to be called Nokia Siemens Networks , will be comprised of Nokia 's network business group and Siemens ' carrier-related operations , creating estimated synergies of 1.5 billion euros ( $ 1.9 billion ) by 2010 , Nokia said .",positive
The acquisition of Boomeranger Boats Oy is in line with the Done Solutions strategy of developing its business through company acquisitions .,positive
The actions are expected to deliver annual cost savings of some EUR15-20m .,positive
The announced restructuring will significantly decrease the Company 's indebtedness .,positive
The companies expect the first orders already in 2011 .,positive
The company also expects to sell its products in other Russian region .,positive
The company feels these leases are prime locations due to several producing formations in the immediate area .,positive
The company is well positioned in Brazil and Uruguay .,positive
The company reports a loss for the period of EUR 0.4 mn compared to a loss of EUR 1.9 mn in the corresponding period in 2005 .,positive
The company turned to earnings per share ( EPS ) of EUR 0.03 versus loss per share of EUR 0.01 .,positive
The diesel margin has remained high .,positive
"The divestment is in line with the company 's plans to focus on selected growth segments and streamline corporate structure , the company explained .",positive
The divestment of Raisio 's margarine business in May 2009 gave the company a clearer focus on grain-based products .,positive
"The fourth quarter saw Rapala swing back to a pretax profit of 1.5 mln eur from a year earlier loss of 1.2 mln on the back of a 30 pct uplift in sales to 44.8 mln eur , and a stronger performance in North America .",positive
The group will expand the chain to include 45 stores .,positive
